state_id,state_cn,state_group,metric,metric_cn,status,active_weight,active_channels,planned_channels,report_permission,why
S01,停顿/流畅性负担,声学流畅性,MeanUnvoicedSegmentLength,平均非发声段长度,active,0.10653,公开视频; 图片描述; 疾病进展语音; 结构化医患对话,TalkBank/DementiaBank,谨慎作为临床支持证据,该指标更贴近该 state 的临床含义，且相对更稳定/更可解释，所以在同一 state 内提高比例。
S01,停顿/流畅性负担,声学流畅性,StddevUnvoicedSegmentLength,非发声段长度变异,active,0.08605,公开视频; 图片描述; 疾病进展语音; 结构化医患对话,TalkBank/DementiaBank,谨慎作为临床支持证据,该指标与 state 匹配，但没有足够理由相对同组指标明显上调或下调。
S01,停顿/流畅性负担,声学流畅性,egemaps_MeanUnvoicedSegmentLength,无声段平均长度；功能统计：该属性在整段语音上的汇总值。,planned,0.0,,TalkBank/DementiaBank; 公开视频; 图片描述; 疾病进展语音; 结构化医患对话,排除：重复或QC敏感,该指标更受长度、录音条件、切分阈值或重复特征影响，所以在同一 state 内降低比例。 | 2026-07 revision: duplicate eGeMAPS copy of the same pause/continuity/loudness construct; active weight set to 0.
S01,停顿/流畅性负担,声学流畅性,egemaps_StddevUnvoicedSegmentLength,无声段长度波动；功能统计：该属性在整段语音上的汇总值。,planned,0.0,,TalkBank/DementiaBank; 公开视频; 图片描述; 疾病进展语音; 结构化医患对话,排除：重复或QC敏感,该指标更受长度、录音条件、切分阈值或重复特征影响，所以在同一 state 内降低比例。 | 2026-07 revision: duplicate eGeMAPS copy of the same pause/continuity/loudness construct; active weight set to 0.
S01,停顿/流畅性负担,声学流畅性,filler_rate,填充词比例,active,0.06966,公开视频; 图片描述; 疾病进展语音; 结构化医患对话,TalkBank/DementiaBank,谨慎作为临床支持证据,该指标与 state 匹配，但没有足够理由相对同组指标明显上调或下调。 | 2026-07 revision: filler direction is subtype- and habit-dependent; do not use as a stand-alone AD mechanism.
S01,停顿/流畅性负担,声学流畅性,long_pause_rate_per_min,长停顿发生率,active,0.11883,公开视频; 图片描述; 疾病进展语音; 结构化医患对话,TalkBank/DementiaBank,谨慎作为临床支持证据,该指标更贴近该 state 的临床含义，且相对更稳定/更可解释，所以在同一 state 内提高比例。
S01,停顿/流畅性负担,声学流畅性,n_pauses_per_min,单位时间停顿次数,planned,0.0,,TalkBank/DementiaBank,谨慎作为临床支持证据,"TalkBank/DementiaBank 当前本地副本主要是 CHAT transcript；未完成音频文件、时间戳和说话人层级绑定前，不能把声学指标设为 active。 | 2026-07-16 expansion: restored from clinical metric dictionary as planned/backlog row. | 2026-07-16 display update: TalkBank/DementiaBank is treated as neuropsychological audio+transcript channel; audio metrics are planned, not absent."
S01,停顿/流畅性负担,声学流畅性,pause_mode_mean_sec,停顿时长模式均值,planned,0.0,,TalkBank/DementiaBank,谨慎作为临床支持证据,"TalkBank/DementiaBank 当前本地副本主要是 CHAT transcript；未完成音频文件、时间戳和说话人层级绑定前，不能把声学指标设为 active。 | 2026-07-16 expansion: restored from clinical metric dictionary as planned/backlog row. | 2026-07-16 display update: TalkBank/DementiaBank is treated as neuropsychological audio+transcript channel; audio metrics are planned, not absent."
S01,停顿/流畅性负担,声学流畅性,response_latency,回答启动延迟,active,0.049769999999999995,公开视频; 图片描述; 疾病进展语音; 结构化医患对话,TalkBank/DementiaBank,可进入医生报告,该指标更贴近该 state 的临床含义，且相对更稳定/更可解释，所以在同一 state 内提高比例。
S02,输出效率/语速效率,声学流畅性,articulation_rate,构音语速,planned,0.0,,TalkBank/DementiaBank,重算前不进报告,"该指标有医学或工程价值，但当前抽取器、方向或跨任务稳定性还未完成校验。 | 2026-07-16 expansion: restored from clinical metric dictionary as planned/backlog row. | 2026-07-16 display update: TalkBank/DementiaBank is treated as neuropsychological audio+transcript channel; audio metrics are planned, not absent."
S02,输出效率/语速效率,声学流畅性,duration_sec,录音/任务时长,planned,0.0,,TalkBank/DementiaBank; 公开视频; 图片描述; 疾病进展语音; 结构化医患对话,仅QC，不作为疾病证据,"该指标与 state 匹配，但没有足够理由相对同组指标明显上调或下调。 | 2026-07 revision: duration/loudness are protocol or recording variables; use only for QC, normalization and negative controls."
S02,输出效率/语速效率,声学流畅性,mean_segment_words,平均片段词数,planned,0.0,,TalkBank/DementiaBank,重算前不进报告,"该指标有医学或工程价值，但当前抽取器、方向或跨任务稳定性还未完成校验。 | 2026-07-16 expansion: restored from clinical metric dictionary as planned/backlog row. | 2026-07-16 display update: TalkBank/DementiaBank is treated as neuropsychological audio+transcript channel; audio metrics are planned, not absent."
S02,输出效率/语速效率,声学流畅性,n_words,总词数,active,0.022875,公开视频; 图片描述; 疾病进展语音; 结构化医患对话,TalkBank/DementiaBank; 图片描述,QC敏感辅助，不进医生报告,该指标与 state 匹配，但没有足够理由相对同组指标明显上调或下调。 | 2026-07 revision: total word count AUC is close to random and depends on task duration/transcription; retain only as low-reliability coverage signal.
S02,输出效率/语速效率,声学流畅性,phonation_time_ratio,发声时间占比,active,0.13018,公开视频; 图片描述; 疾病进展语音; 结构化医患对话,TalkBank/DementiaBank; 图片描述,谨慎作为临床支持证据,该指标与 state 匹配，但没有足够理由相对同组指标明显上调或下调。
S02,输出效率/语速效率,声学流畅性,speech_rate,语速,planned,0.0,,TalkBank/DementiaBank,重算前不进报告,"该指标有医学或工程价值，但当前抽取器、方向或跨任务稳定性还未完成校验。 | 2026-07-16 expansion: restored from clinical metric dictionary as planned/backlog row. | 2026-07-16 display update: TalkBank/DementiaBank is treated as neuropsychological audio+transcript channel; audio metrics are planned, not absent."
S02,输出效率/语速效率,声学流畅性,words_per_min,每分钟词数,planned,0.0,,TalkBank/DementiaBank,重算前不进报告,"该指标有医学或工程价值，但当前抽取器、方向或跨任务稳定性还未完成校验。 | 2026-07-16 expansion: restored from clinical metric dictionary as planned/backlog row. | 2026-07-16 display update: TalkBank/DementiaBank is treated as neuropsychological audio+transcript channel; audio metrics are planned, not absent."
S03,发声/构音连续性,声学辅助,MeanVoicedSegmentLengthSec,平均发声片段长度,planned,0.0,,TalkBank/DementiaBank,谨慎作为临床支持证据,"TalkBank/DementiaBank 当前本地副本主要是 CHAT transcript；未完成音频文件、时间戳和说话人层级绑定前，不能把声学指标设为 active。 | 2026-07-16 expansion: restored from clinical metric dictionary as planned/backlog row. | 2026-07-16 display update: TalkBank/DementiaBank is treated as neuropsychological audio+transcript channel; audio metrics are planned, not absent."
S03,发声/构音连续性,声学辅助,StddevVoicedSegmentLengthSec,发声片段长度变异,planned,0.0,,TalkBank/DementiaBank,谨慎作为临床支持证据,"TalkBank/DementiaBank 当前本地副本主要是 CHAT transcript；未完成音频文件、时间戳和说话人层级绑定前，不能把声学指标设为 active。 | 2026-07-16 expansion: restored from clinical metric dictionary as planned/backlog row. | 2026-07-16 display update: TalkBank/DementiaBank is treated as neuropsychological audio+transcript channel; audio metrics are planned, not absent."
S03,发声/构音连续性,声学辅助,VoicedSegmentsPerSec,每秒发声片段数,active,0.06444,图片描述; 疾病进展语音; 结构化医患对话,TalkBank/DementiaBank,谨慎作为临床支持证据,该指标更贴近该 state 的临床含义，且相对更稳定/更可解释，所以在同一 state 内提高比例。
S03,发声/构音连续性,声学辅助,egemaps_MeanVoicedSegmentLengthSec,有声段平均长度；功能统计：该属性在整段语音上的汇总值。,planned,0.0,,TalkBank/DementiaBank,谨慎作为临床支持证据,"TalkBank/DementiaBank 当前本地副本主要是 CHAT transcript；未完成音频文件、时间戳和说话人层级绑定前，不能把声学指标设为 active。 | 2026-07-16 expansion: restored from clinical metric dictionary as planned/backlog row. | 2026-07-16 display update: TalkBank/DementiaBank is treated as neuropsychological audio+transcript channel; audio metrics are planned, not absent."
S03,发声/构音连续性,声学辅助,egemaps_StddevVoicedSegmentLengthSec,有声段长度波动；功能统计：该属性在整段语音上的汇总值。,planned,0.0,,TalkBank/DementiaBank,谨慎作为临床支持证据,"TalkBank/DementiaBank 当前本地副本主要是 CHAT transcript；未完成音频文件、时间戳和说话人层级绑定前，不能把声学指标设为 active。 | 2026-07-16 expansion: restored from clinical metric dictionary as planned/backlog row. | 2026-07-16 display update: TalkBank/DementiaBank is treated as neuropsychological audio+transcript channel; audio metrics are planned, not absent."
S03,发声/构音连续性,声学辅助,egemaps_VoicedSegmentsPerSec,有声段频率；功能统计：该属性在整段语音上的汇总值。,planned,0.0,,TalkBank/DementiaBank; 图片描述; 疾病进展语音; 结构化医患对话,排除：重复或QC敏感,该指标与 state 匹配，但没有足够理由相对同组指标明显上调或下调。 | 2026-07 revision: duplicate eGeMAPS copy of the same pause/continuity/loudness construct; active weight set to 0.
S03,发声/构音连续性,声学辅助,egemaps_loudnessPeaksPerSec,响度峰频率/节奏；功能统计：该属性在整段语音上的汇总值。,planned,0.0,,TalkBank/DementiaBank; 图片描述; 疾病进展语音; 结构化医患对话,排除：重复或QC敏感,该指标与 state 匹配，但没有足够理由相对同组指标明显上调或下调。 | 2026-07 revision: duplicate eGeMAPS copy of the same pause/continuity/loudness construct; active weight set to 0.
S03,发声/构音连续性,声学辅助,loudnessPeaksPerSec,每秒响度峰值,active,0.04981,图片描述; 疾病进展语音; 结构化医患对话,TalkBank/DementiaBank,谨慎作为临床支持证据,该指标与 state 匹配，但没有足够理由相对同组指标明显上调或下调。
S04,声音质量,声学辅助,HNRdBACF,谐噪比,planned,0.0,,TalkBank/DementiaBank,仅模型辅助，不做临床解释,"TalkBank/DementiaBank 当前本地副本主要是 CHAT transcript；未完成音频文件、时间戳和说话人层级绑定前，不能把声学指标设为 active。 | 2026-07-16 expansion: restored from clinical metric dictionary as planned/backlog row. | 2026-07-16 display update: TalkBank/DementiaBank is treated as neuropsychological audio+transcript channel; audio metrics are planned, not absent."
S04,声音质量,声学辅助,egemaps_HNRdBACF_sma3nz_amean,声音质量/HNR；均值：该声音属性在整段患者语音中的平均水平。,planned,0.0,,TalkBank/DementiaBank,仅模型辅助，不做临床解释,"TalkBank/DementiaBank 当前本地副本主要是 CHAT transcript；未完成音频文件、时间戳和说话人层级绑定前，不能把声学指标设为 active。 | 2026-07-16 expansion: restored from clinical metric dictionary as planned/backlog row. | 2026-07-16 display update: TalkBank/DementiaBank is treated as neuropsychological audio+transcript channel; audio metrics are planned, not absent."
S04,声音质量,声学辅助,egemaps_HNRdBACF_sma3nz_stddevNorm,声音质量/HNR；标准差/归一化波动：该声音属性的稳定性或变异程度。,planned,0.0,,TalkBank/DementiaBank,仅模型辅助，不做临床解释,"TalkBank/DementiaBank 当前本地副本主要是 CHAT transcript；未完成音频文件、时间戳和说话人层级绑定前，不能把声学指标设为 active。 | 2026-07-16 expansion: restored from clinical metric dictionary as planned/backlog row. | 2026-07-16 display update: TalkBank/DementiaBank is treated as neuropsychological audio+transcript channel; audio metrics are planned, not absent."
S04,声音质量,声学辅助,egemaps_jitterLocal_sma3nz_amean,声音质量/jitter；均值：该声音属性在整段患者语音中的平均水平。,planned,0.0,,TalkBank/DementiaBank,仅模型辅助，不做临床解释,"TalkBank/DementiaBank 当前本地副本主要是 CHAT transcript；未完成音频文件、时间戳和说话人层级绑定前，不能把声学指标设为 active。 | 2026-07-16 expansion: restored from clinical metric dictionary as planned/backlog row. | 2026-07-16 display update: TalkBank/DementiaBank is treated as neuropsychological audio+transcript channel; audio metrics are planned, not absent."
S04,声音质量,声学辅助,egemaps_jitterLocal_sma3nz_stddevNorm,声音质量/jitter；标准差/归一化波动：该声音属性的稳定性或变异程度。,planned,0.0,,TalkBank/DementiaBank,仅模型辅助，不做临床解释,"TalkBank/DementiaBank 当前本地副本主要是 CHAT transcript；未完成音频文件、时间戳和说话人层级绑定前，不能把声学指标设为 active。 | 2026-07-16 expansion: restored from clinical metric dictionary as planned/backlog row. | 2026-07-16 display update: TalkBank/DementiaBank is treated as neuropsychological audio+transcript channel; audio metrics are planned, not absent."
S04,声音质量,声学辅助,egemaps_shimmerLocaldB_sma3nz_amean,声音质量/shimmer；均值：该声音属性在整段患者语音中的平均水平。,planned,0.0,,TalkBank/DementiaBank,仅模型辅助，不做临床解释,"TalkBank/DementiaBank 当前本地副本主要是 CHAT transcript；未完成音频文件、时间戳和说话人层级绑定前，不能把声学指标设为 active。 | 2026-07-16 expansion: restored from clinical metric dictionary as planned/backlog row. | 2026-07-16 display update: TalkBank/DementiaBank is treated as neuropsychological audio+transcript channel; audio metrics are planned, not absent."
S04,声音质量,声学辅助,egemaps_shimmerLocaldB_sma3nz_stddevNorm,声音质量/shimmer；标准差/归一化波动：该声音属性的稳定性或变异程度。,planned,0.0,,TalkBank/DementiaBank,仅模型辅助，不做临床解释,"TalkBank/DementiaBank 当前本地副本主要是 CHAT transcript；未完成音频文件、时间戳和说话人层级绑定前，不能把声学指标设为 active。 | 2026-07-16 expansion: restored from clinical metric dictionary as planned/backlog row. | 2026-07-16 display update: TalkBank/DementiaBank is treated as neuropsychological audio+transcript channel; audio metrics are planned, not absent."
S04,声音质量,声学辅助,equivalentSoundLevel_dBp,等效声级,planned,0.0,,TalkBank/DementiaBank; 图片描述; 结构化医患对话,仅QC，不作为疾病证据,"该指标与 state 匹配，但没有足够理由相对同组指标明显上调或下调。 | 2026-07 revision: duration/loudness are protocol or recording variables; use only for QC, normalization and negative controls."
S04,声音质量,声学辅助,jitterLocal,基频周期扰动,planned,0.0,,TalkBank/DementiaBank,仅模型辅助，不做临床解释,"TalkBank/DementiaBank 当前本地副本主要是 CHAT transcript；未完成音频文件、时间戳和说话人层级绑定前，不能把声学指标设为 active。 | 2026-07-16 expansion: restored from clinical metric dictionary as planned/backlog row. | 2026-07-16 display update: TalkBank/DementiaBank is treated as neuropsychological audio+transcript channel; audio metrics are planned, not absent."
S04,声音质量,声学辅助,shimmerLocaldB,振幅扰动,planned,0.0,,TalkBank/DementiaBank,仅模型辅助，不做临床解释,"TalkBank/DementiaBank 当前本地副本主要是 CHAT transcript；未完成音频文件、时间戳和说话人层级绑定前，不能把声学指标设为 active。 | 2026-07-16 expansion: restored from clinical metric dictionary as planned/backlog row. | 2026-07-16 display update: TalkBank/DementiaBank is treated as neuropsychological audio+transcript channel; audio metrics are planned, not absent."
S05,韵律/表达性,声学辅助,F0semitoneFrom27.5Hz_sma3nz_amean,平均基频,active,0.011019999999999999,图片描述; 疾病进展语音; 结构化医患对话,TalkBank/DementiaBank,谨慎作为临床支持证据,该指标与 state 匹配，但没有足够理由相对同组指标明显上调或下调。
S05,韵律/表达性,声学辅助,F0semitoneFrom27.5Hz_sma3nz_stddevNorm,基频变异,planned,0.0,,TalkBank/DementiaBank,谨慎作为临床支持证据,"TalkBank/DementiaBank 当前本地副本主要是 CHAT transcript；未完成音频文件、时间戳和说话人层级绑定前，不能把声学指标设为 active。 | 2026-07-16 expansion: restored from clinical metric dictionary as planned/backlog row. | 2026-07-16 display update: TalkBank/DementiaBank is treated as neuropsychological audio+transcript channel; audio metrics are planned, not absent."
S05,韵律/表达性,声学辅助,egemaps_F0semitoneFrom27.5Hz_sma3nz_amean,基频/音高；均值：该声音属性在整段患者语音中的平均水平。,active,0.00935,图片描述; 疾病进展语音; 结构化医患对话,TalkBank/DementiaBank,谨慎作为临床支持证据,该指标与 state 匹配，但没有足够理由相对同组指标明显上调或下调。
S05,韵律/表达性,声学辅助,egemaps_F0semitoneFrom27.5Hz_sma3nz_meanFallingSlope,基频/音高；平均下降斜率：该属性下降变化的速度。,planned,0.0,,TalkBank/DementiaBank,谨慎作为临床支持证据,"TalkBank/DementiaBank 当前本地副本主要是 CHAT transcript；未完成音频文件、时间戳和说话人层级绑定前，不能把声学指标设为 active。 | 2026-07-16 expansion: restored from clinical metric dictionary as planned/backlog row. | 2026-07-16 display update: TalkBank/DementiaBank is treated as neuropsychological audio+transcript channel; audio metrics are planned, not absent."
S05,韵律/表达性,声学辅助,egemaps_F0semitoneFrom27.5Hz_sma3nz_meanRisingSlope,基频/音高；平均上升斜率：该属性上升变化的速度。,planned,0.0,,TalkBank/DementiaBank,谨慎作为临床支持证据,"TalkBank/DementiaBank 当前本地副本主要是 CHAT transcript；未完成音频文件、时间戳和说话人层级绑定前，不能把声学指标设为 active。 | 2026-07-16 expansion: restored from clinical metric dictionary as planned/backlog row. | 2026-07-16 display update: TalkBank/DementiaBank is treated as neuropsychological audio+transcript channel; audio metrics are planned, not absent."
S05,韵律/表达性,声学辅助,egemaps_F0semitoneFrom27.5Hz_sma3nz_pctlrange0-2,基频/音高；分位范围：高低分位差，表示动态范围。,active,0.01092,图片描述; 疾病进展语音; 结构化医患对话,TalkBank/DementiaBank,谨慎作为临床支持证据,该指标与 state 匹配，但没有足够理由相对同组指标明显上调或下调。
S05,韵律/表达性,声学辅助,egemaps_F0semitoneFrom27.5Hz_sma3nz_percentile20.0,基频/音高；20 分位数：较低水平的代表值。,planned,0.0,,TalkBank/DementiaBank,谨慎作为临床支持证据,"TalkBank/DementiaBank 当前本地副本主要是 CHAT transcript；未完成音频文件、时间戳和说话人层级绑定前，不能把声学指标设为 active。 | 2026-07-16 expansion: restored from clinical metric dictionary as planned/backlog row. | 2026-07-16 display update: TalkBank/DementiaBank is treated as neuropsychological audio+transcript channel; audio metrics are planned, not absent."
S05,韵律/表达性,声学辅助,egemaps_F0semitoneFrom27.5Hz_sma3nz_percentile50.0,基频/音高；50 分位数/中位数：典型水平。,planned,0.0,,TalkBank/DementiaBank,谨慎作为临床支持证据,"TalkBank/DementiaBank 当前本地副本主要是 CHAT transcript；未完成音频文件、时间戳和说话人层级绑定前，不能把声学指标设为 active。 | 2026-07-16 expansion: restored from clinical metric dictionary as planned/backlog row. | 2026-07-16 display update: TalkBank/DementiaBank is treated as neuropsychological audio+transcript channel; audio metrics are planned, not absent."
S05,韵律/表达性,声学辅助,egemaps_F0semitoneFrom27.5Hz_sma3nz_percentile80.0,基频/音高；80 分位数：较高水平的代表值。,active,0.00728,图片描述; 疾病进展语音; 结构化医患对话,TalkBank/DementiaBank,谨慎作为临床支持证据,该指标更受长度、录音条件、切分阈值或重复特征影响，所以在同一 state 内降低比例。
S05,韵律/表达性,声学辅助,egemaps_F0semitoneFrom27.5Hz_sma3nz_stddevFallingSlope,基频/音高；下降斜率波动：下降变化速度是否稳定。,planned,0.0,,TalkBank/DementiaBank,谨慎作为临床支持证据,"TalkBank/DementiaBank 当前本地副本主要是 CHAT transcript；未完成音频文件、时间戳和说话人层级绑定前，不能把声学指标设为 active。 | 2026-07-16 expansion: restored from clinical metric dictionary as planned/backlog row. | 2026-07-16 display update: TalkBank/DementiaBank is treated as neuropsychological audio+transcript channel; audio metrics are planned, not absent."
S05,韵律/表达性,声学辅助,egemaps_F0semitoneFrom27.5Hz_sma3nz_stddevNorm,基频/音高；标准差/归一化波动：该声音属性的稳定性或变异程度。,planned,0.0,,TalkBank/DementiaBank,谨慎作为临床支持证据,"TalkBank/DementiaBank 当前本地副本主要是 CHAT transcript；未完成音频文件、时间戳和说话人层级绑定前，不能把声学指标设为 active。 | 2026-07-16 expansion: restored from clinical metric dictionary as planned/backlog row. | 2026-07-16 display update: TalkBank/DementiaBank is treated as neuropsychological audio+transcript channel; audio metrics are planned, not absent."
S05,韵律/表达性,声学辅助,egemaps_F0semitoneFrom27.5Hz_sma3nz_stddevRisingSlope,基频/音高；上升斜率波动：上升变化速度是否稳定。,planned,0.0,,TalkBank/DementiaBank,谨慎作为临床支持证据,"TalkBank/DementiaBank 当前本地副本主要是 CHAT transcript；未完成音频文件、时间戳和说话人层级绑定前，不能把声学指标设为 active。 | 2026-07-16 expansion: restored from clinical metric dictionary as planned/backlog row. | 2026-07-16 display update: TalkBank/DementiaBank is treated as neuropsychological audio+transcript channel; audio metrics are planned, not absent."
S05,韵律/表达性,声学辅助,egemaps_F1amplitudeLogRelF0_sma3nz_amean,共振峰相对基频幅度；均值：该声音属性在整段患者语音中的平均水平。,planned,0.0,,TalkBank/DementiaBank,谨慎作为临床支持证据,"TalkBank/DementiaBank 当前本地副本主要是 CHAT transcript；未完成音频文件、时间戳和说话人层级绑定前，不能把声学指标设为 active。 | 2026-07-16 expansion: restored from clinical metric dictionary as planned/backlog row. | 2026-07-16 display update: TalkBank/DementiaBank is treated as neuropsychological audio+transcript channel; audio metrics are planned, not absent."
S05,韵律/表达性,声学辅助,egemaps_F1amplitudeLogRelF0_sma3nz_stddevNorm,共振峰相对基频幅度；标准差/归一化波动：该声音属性的稳定性或变异程度。,planned,0.0,,TalkBank/DementiaBank,谨慎作为临床支持证据,"TalkBank/DementiaBank 当前本地副本主要是 CHAT transcript；未完成音频文件、时间戳和说话人层级绑定前，不能把声学指标设为 active。 | 2026-07-16 expansion: restored from clinical metric dictionary as planned/backlog row. | 2026-07-16 display update: TalkBank/DementiaBank is treated as neuropsychological audio+transcript channel; audio metrics are planned, not absent."
S05,韵律/表达性,声学辅助,egemaps_F2amplitudeLogRelF0_sma3nz_amean,共振峰相对基频幅度；均值：该声音属性在整段患者语音中的平均水平。,planned,0.0,,TalkBank/DementiaBank,谨慎作为临床支持证据,"TalkBank/DementiaBank 当前本地副本主要是 CHAT transcript；未完成音频文件、时间戳和说话人层级绑定前，不能把声学指标设为 active。 | 2026-07-16 expansion: restored from clinical metric dictionary as planned/backlog row. | 2026-07-16 display update: TalkBank/DementiaBank is treated as neuropsychological audio+transcript channel; audio metrics are planned, not absent."
S05,韵律/表达性,声学辅助,egemaps_F2amplitudeLogRelF0_sma3nz_stddevNorm,共振峰相对基频幅度；标准差/归一化波动：该声音属性的稳定性或变异程度。,planned,0.0,,TalkBank/DementiaBank,谨慎作为临床支持证据,"TalkBank/DementiaBank 当前本地副本主要是 CHAT transcript；未完成音频文件、时间戳和说话人层级绑定前，不能把声学指标设为 active。 | 2026-07-16 expansion: restored from clinical metric dictionary as planned/backlog row. | 2026-07-16 display update: TalkBank/DementiaBank is treated as neuropsychological audio+transcript channel; audio metrics are planned, not absent."
S05,韵律/表达性,声学辅助,egemaps_F3amplitudeLogRelF0_sma3nz_amean,共振峰相对基频幅度；均值：该声音属性在整段患者语音中的平均水平。,planned,0.0,,TalkBank/DementiaBank,谨慎作为临床支持证据,"TalkBank/DementiaBank 当前本地副本主要是 CHAT transcript；未完成音频文件、时间戳和说话人层级绑定前，不能把声学指标设为 active。 | 2026-07-16 expansion: restored from clinical metric dictionary as planned/backlog row. | 2026-07-16 display update: TalkBank/DementiaBank is treated as neuropsychological audio+transcript channel; audio metrics are planned, not absent."
S05,韵律/表达性,声学辅助,egemaps_F3amplitudeLogRelF0_sma3nz_stddevNorm,共振峰相对基频幅度；标准差/归一化波动：该声音属性的稳定性或变异程度。,planned,0.0,,TalkBank/DementiaBank,谨慎作为临床支持证据,"TalkBank/DementiaBank 当前本地副本主要是 CHAT transcript；未完成音频文件、时间戳和说话人层级绑定前，不能把声学指标设为 active。 | 2026-07-16 expansion: restored from clinical metric dictionary as planned/backlog row. | 2026-07-16 display update: TalkBank/DementiaBank is treated as neuropsychological audio+transcript channel; audio metrics are planned, not absent."
S05,韵律/表达性,声学辅助,egemaps_loudness_sma3_amean,响度/音量动态；均值：该声音属性在整段患者语音中的平均水平。,planned,0.0,,TalkBank/DementiaBank; 图片描述; 疾病进展语音; 结构化医患对话,排除：重复或QC敏感,该指标与 state 匹配，但没有足够理由相对同组指标明显上调或下调。 | 2026-07 revision: duplicate eGeMAPS copy of the same pause/continuity/loudness construct; active weight set to 0.
S05,韵律/表达性,声学辅助,egemaps_loudness_sma3_meanFallingSlope,响度/音量动态；平均下降斜率：该属性下降变化的速度。,planned,0.0,,TalkBank/DementiaBank,谨慎作为临床支持证据,"TalkBank/DementiaBank 当前本地副本主要是 CHAT transcript；未完成音频文件、时间戳和说话人层级绑定前，不能把声学指标设为 active。 | 2026-07-16 expansion: restored from clinical metric dictionary as planned/backlog row. | 2026-07-16 display update: TalkBank/DementiaBank is treated as neuropsychological audio+transcript channel; audio metrics are planned, not absent."
S05,韵律/表达性,声学辅助,egemaps_loudness_sma3_meanRisingSlope,响度/音量动态；平均上升斜率：该属性上升变化的速度。,planned,0.0,,TalkBank/DementiaBank,谨慎作为临床支持证据,"TalkBank/DementiaBank 当前本地副本主要是 CHAT transcript；未完成音频文件、时间戳和说话人层级绑定前，不能把声学指标设为 active。 | 2026-07-16 expansion: restored from clinical metric dictionary as planned/backlog row. | 2026-07-16 display update: TalkBank/DementiaBank is treated as neuropsychological audio+transcript channel; audio metrics are planned, not absent."
S05,韵律/表达性,声学辅助,egemaps_loudness_sma3_pctlrange0-2,响度/音量动态；分位范围：高低分位差，表示动态范围。,planned,0.0,,TalkBank/DementiaBank; 图片描述; 疾病进展语音; 结构化医患对话,排除：重复或QC敏感,该指标与 state 匹配，但没有足够理由相对同组指标明显上调或下调。 | 2026-07 revision: duplicate eGeMAPS copy of the same pause/continuity/loudness construct; active weight set to 0.
S05,韵律/表达性,声学辅助,egemaps_loudness_sma3_percentile20.0,响度/音量动态；20 分位数：较低水平的代表值。,active,0.00728,图片描述; 疾病进展语音; 结构化医患对话,TalkBank/DementiaBank,谨慎作为临床支持证据,该指标更受长度、录音条件、切分阈值或重复特征影响，所以在同一 state 内降低比例。
S05,韵律/表达性,声学辅助,egemaps_loudness_sma3_percentile50.0,响度/音量动态；50 分位数/中位数：典型水平。,active,0.00728,图片描述; 疾病进展语音; 结构化医患对话,TalkBank/DementiaBank,谨慎作为临床支持证据,该指标更受长度、录音条件、切分阈值或重复特征影响，所以在同一 state 内降低比例。
S05,韵律/表达性,声学辅助,egemaps_loudness_sma3_percentile80.0,响度/音量动态；80 分位数：较高水平的代表值。,active,0.00728,图片描述; 疾病进展语音; 结构化医患对话,TalkBank/DementiaBank,谨慎作为临床支持证据,该指标更受长度、录音条件、切分阈值或重复特征影响，所以在同一 state 内降低比例。
S05,韵律/表达性,声学辅助,egemaps_loudness_sma3_stddevFallingSlope,响度/音量动态；下降斜率波动：下降变化速度是否稳定。,planned,0.0,,TalkBank/DementiaBank,谨慎作为临床支持证据,"TalkBank/DementiaBank 当前本地副本主要是 CHAT transcript；未完成音频文件、时间戳和说话人层级绑定前，不能把声学指标设为 active。 | 2026-07-16 expansion: restored from clinical metric dictionary as planned/backlog row. | 2026-07-16 display update: TalkBank/DementiaBank is treated as neuropsychological audio+transcript channel; audio metrics are planned, not absent."
S05,韵律/表达性,声学辅助,egemaps_loudness_sma3_stddevNorm,响度/音量动态；标准差/归一化波动：该声音属性的稳定性或变异程度。,planned,0.0,,TalkBank/DementiaBank; 图片描述; 疾病进展语音; 结构化医患对话,排除：重复或QC敏感,该指标与 state 匹配，但没有足够理由相对同组指标明显上调或下调。 | 2026-07 revision: duplicate eGeMAPS copy of the same pause/continuity/loudness construct; active weight set to 0.
S05,韵律/表达性,声学辅助,egemaps_loudness_sma3_stddevRisingSlope,响度/音量动态；上升斜率波动：上升变化速度是否稳定。,planned,0.0,,TalkBank/DementiaBank,谨慎作为临床支持证据,"TalkBank/DementiaBank 当前本地副本主要是 CHAT transcript；未完成音频文件、时间戳和说话人层级绑定前，不能把声学指标设为 active。 | 2026-07-16 expansion: restored from clinical metric dictionary as planned/backlog row. | 2026-07-16 display update: TalkBank/DementiaBank is treated as neuropsychological audio+transcript channel; audio metrics are planned, not absent."
S05,韵律/表达性,声学辅助,loudness_sma3_amean,平均响度,planned,0.0,,TalkBank/DementiaBank; 图片描述; 疾病进展语音; 结构化医患对话,仅QC，不作为疾病证据,"该指标与 state 匹配，但没有足够理由相对同组指标明显上调或下调。 | 2026-07 revision: duration/loudness are protocol or recording variables; use only for QC, normalization and negative controls."
S05,韵律/表达性,声学辅助,loudness_sma3_stddevNorm,响度变异,active,0.012859999999999998,图片描述; 疾病进展语音; 结构化医患对话,TalkBank/DementiaBank,谨慎作为临床支持证据,该指标更贴近该 state 的临床含义，且相对更稳定/更可解释，所以在同一 state 内提高比例。
S05,韵律/表达性,声学辅助,spectralFlux_sma3_amean,频谱变化率,planned,0.0,,TalkBank/DementiaBank,谨慎作为临床支持证据,"TalkBank/DementiaBank 当前本地副本主要是 CHAT transcript；未完成音频文件、时间戳和说话人层级绑定前，不能把声学指标设为 active。 | 2026-07-16 expansion: restored from clinical metric dictionary as planned/backlog row. | 2026-07-16 display update: TalkBank/DementiaBank is treated as neuropsychological audio+transcript channel; audio metrics are planned, not absent."
S06,谱特征/构音模式,模型辅助,ComParE features,大规模声学函数集,planned,0.0,,TalkBank/DementiaBank,仅模型辅助，不做临床解释,"TalkBank/DementiaBank 当前本地副本主要是 CHAT transcript；未完成音频文件、时间戳和说话人层级绑定前，不能把声学指标设为 active。 | 2026-07-16 expansion: restored from clinical metric dictionary as planned/backlog row. | 2026-07-16 display update: TalkBank/DementiaBank is treated as neuropsychological audio+transcript channel; audio metrics are planned, not absent."
S06,谱特征/构音模式,模型辅助,F1/F2/F3frequency,共振峰频率,planned,0.0,,TalkBank/DementiaBank,仅模型辅助，不做临床解释,"TalkBank/DementiaBank 当前本地副本主要是 CHAT transcript；未完成音频文件、时间戳和说话人层级绑定前，不能把声学指标设为 active。 | 2026-07-16 expansion: restored from clinical metric dictionary as planned/backlog row. | 2026-07-16 display update: TalkBank/DementiaBank is treated as neuropsychological audio+transcript channel; audio metrics are planned, not absent."
S06,谱特征/构音模式,模型辅助,alphaRatio/HammarbergIndex,谱倾斜/声质谱指标,planned,0.0,,TalkBank/DementiaBank,仅模型辅助，不做临床解释,"TalkBank/DementiaBank 当前本地副本主要是 CHAT transcript；未完成音频文件、时间戳和说话人层级绑定前，不能把声学指标设为 active。 | 2026-07-16 expansion: restored from clinical metric dictionary as planned/backlog row. | 2026-07-16 display update: TalkBank/DementiaBank is treated as neuropsychological audio+transcript channel; audio metrics are planned, not absent."
S06,谱特征/构音模式,模型辅助,egemaps_F1bandwidth_sma3nz_amean,共振峰带宽；均值：该声音属性在整段患者语音中的平均水平。,active,0.00045000000000000004,公开视频; 图片描述; 疾病进展语音; 结构化医患对话,TalkBank/DementiaBank,仅模型辅助，不做临床解释,预测可能有用，但医学解释性弱或录音条件敏感，只能作为模型辅助。
S06,谱特征/构音模式,模型辅助,egemaps_F1bandwidth_sma3nz_stddevNorm,共振峰带宽；标准差/归一化波动：该声音属性的稳定性或变异程度。,active,0.00045000000000000004,公开视频; 图片描述; 疾病进展语音; 结构化医患对话,TalkBank/DementiaBank,仅模型辅助，不做临床解释,预测可能有用，但医学解释性弱或录音条件敏感，只能作为模型辅助。
S06,谱特征/构音模式,模型辅助,egemaps_F1frequency_sma3nz_amean,共振峰 F1 频率；均值：该声音属性在整段患者语音中的平均水平。,active,0.00045000000000000004,公开视频; 图片描述; 疾病进展语音; 结构化医患对话,TalkBank/DementiaBank,仅模型辅助，不做临床解释,预测可能有用，但医学解释性弱或录音条件敏感，只能作为模型辅助。
S06,谱特征/构音模式,模型辅助,egemaps_F1frequency_sma3nz_stddevNorm,共振峰 F1 频率；标准差/归一化波动：该声音属性的稳定性或变异程度。,active,0.00045000000000000004,公开视频; 图片描述; 疾病进展语音; 结构化医患对话,TalkBank/DementiaBank,仅模型辅助，不做临床解释,预测可能有用，但医学解释性弱或录音条件敏感，只能作为模型辅助。
S06,谱特征/构音模式,模型辅助,egemaps_F2bandwidth_sma3nz_amean,共振峰带宽；均值：该声音属性在整段患者语音中的平均水平。,active,0.00045000000000000004,公开视频; 图片描述; 疾病进展语音; 结构化医患对话,TalkBank/DementiaBank,仅模型辅助，不做临床解释,预测可能有用，但医学解释性弱或录音条件敏感，只能作为模型辅助。
S06,谱特征/构音模式,模型辅助,egemaps_F2bandwidth_sma3nz_stddevNorm,共振峰带宽；标准差/归一化波动：该声音属性的稳定性或变异程度。,active,0.00045000000000000004,公开视频; 图片描述; 疾病进展语音; 结构化医患对话,TalkBank/DementiaBank,仅模型辅助，不做临床解释,预测可能有用，但医学解释性弱或录音条件敏感，只能作为模型辅助。
S06,谱特征/构音模式,模型辅助,egemaps_F2frequency_sma3nz_amean,共振峰 F2 频率；均值：该声音属性在整段患者语音中的平均水平。,active,0.00045000000000000004,公开视频; 图片描述; 疾病进展语音; 结构化医患对话,TalkBank/DementiaBank,仅模型辅助，不做临床解释,预测可能有用，但医学解释性弱或录音条件敏感，只能作为模型辅助。
S06,谱特征/构音模式,模型辅助,egemaps_F2frequency_sma3nz_stddevNorm,共振峰 F2 频率；标准差/归一化波动：该声音属性的稳定性或变异程度。,active,0.00045000000000000004,公开视频; 图片描述; 疾病进展语音; 结构化医患对话,TalkBank/DementiaBank,仅模型辅助，不做临床解释,预测可能有用，但医学解释性弱或录音条件敏感，只能作为模型辅助。
S06,谱特征/构音模式,模型辅助,egemaps_F3bandwidth_sma3nz_amean,共振峰带宽；均值：该声音属性在整段患者语音中的平均水平。,active,0.00045000000000000004,公开视频; 图片描述; 疾病进展语音; 结构化医患对话,TalkBank/DementiaBank,仅模型辅助，不做临床解释,预测可能有用，但医学解释性弱或录音条件敏感，只能作为模型辅助。
S06,谱特征/构音模式,模型辅助,egemaps_F3bandwidth_sma3nz_stddevNorm,共振峰带宽；标准差/归一化波动：该声音属性的稳定性或变异程度。,active,0.00045000000000000004,公开视频; 图片描述; 疾病进展语音; 结构化医患对话,TalkBank/DementiaBank,仅模型辅助，不做临床解释,预测可能有用，但医学解释性弱或录音条件敏感，只能作为模型辅助。
S06,谱特征/构音模式,模型辅助,egemaps_F3frequency_sma3nz_amean,共振峰 F3 频率；均值：该声音属性在整段患者语音中的平均水平。,active,0.00045000000000000004,公开视频; 图片描述; 疾病进展语音; 结构化医患对话,TalkBank/DementiaBank,仅模型辅助，不做临床解释,预测可能有用，但医学解释性弱或录音条件敏感，只能作为模型辅助。
S06,谱特征/构音模式,模型辅助,egemaps_F3frequency_sma3nz_stddevNorm,共振峰 F3 频率；标准差/归一化波动：该声音属性的稳定性或变异程度。,active,0.00045000000000000004,公开视频; 图片描述; 疾病进展语音; 结构化医患对话,TalkBank/DementiaBank,仅模型辅助，不做临床解释,预测可能有用，但医学解释性弱或录音条件敏感，只能作为模型辅助。
S06,谱特征/构音模式,模型辅助,egemaps_alphaRatioUV_sma3nz_amean,谱能量比例/alpha ratio；均值：该声音属性在整段患者语音中的平均水平。,active,0.00045000000000000004,公开视频; 图片描述; 疾病进展语音; 结构化医患对话,TalkBank/DementiaBank,仅模型辅助，不做临床解释,预测可能有用，但医学解释性弱或录音条件敏感，只能作为模型辅助。
S06,谱特征/构音模式,模型辅助,egemaps_alphaRatioV_sma3nz_amean,谱能量比例/alpha ratio；均值：该声音属性在整段患者语音中的平均水平。,active,0.00045000000000000004,公开视频; 图片描述; 疾病进展语音; 结构化医患对话,TalkBank/DementiaBank,仅模型辅助，不做临床解释,预测可能有用，但医学解释性弱或录音条件敏感，只能作为模型辅助。
S06,谱特征/构音模式,模型辅助,egemaps_alphaRatioV_sma3nz_stddevNorm,谱能量比例/alpha ratio；标准差/归一化波动：该声音属性的稳定性或变异程度。,active,0.00045000000000000004,公开视频; 图片描述; 疾病进展语音; 结构化医患对话,TalkBank/DementiaBank,仅模型辅助，不做临床解释,预测可能有用，但医学解释性弱或录音条件敏感，只能作为模型辅助。
S06,谱特征/构音模式,模型辅助,egemaps_hammarbergIndexUV_sma3nz_amean,谱能量比例/Hammarberg index；均值：该声音属性在整段患者语音中的平均水平。,active,0.00045000000000000004,公开视频; 图片描述; 疾病进展语音; 结构化医患对话,TalkBank/DementiaBank,仅模型辅助，不做临床解释,预测可能有用，但医学解释性弱或录音条件敏感，只能作为模型辅助。
S06,谱特征/构音模式,模型辅助,egemaps_hammarbergIndexV_sma3nz_amean,谱能量比例/Hammarberg index；均值：该声音属性在整段患者语音中的平均水平。,active,0.00045000000000000004,公开视频; 图片描述; 疾病进展语音; 结构化医患对话,TalkBank/DementiaBank,仅模型辅助，不做临床解释,预测可能有用，但医学解释性弱或录音条件敏感，只能作为模型辅助。
S06,谱特征/构音模式,模型辅助,egemaps_hammarbergIndexV_sma3nz_stddevNorm,谱能量比例/Hammarberg index；标准差/归一化波动：该声音属性的稳定性或变异程度。,active,0.00045000000000000004,公开视频; 图片描述; 疾病进展语音; 结构化医患对话,TalkBank/DementiaBank,仅模型辅助，不做临床解释,预测可能有用，但医学解释性弱或录音条件敏感，只能作为模型辅助。
S06,谱特征/构音模式,模型辅助,egemaps_logRelF0-H1-A3_sma3nz_amean,声源谱倾斜/谐波结构；均值：该声音属性在整段患者语音中的平均水平。,active,0.00045000000000000004,公开视频; 图片描述; 疾病进展语音; 结构化医患对话,TalkBank/DementiaBank,仅模型辅助，不做临床解释,预测可能有用，但医学解释性弱或录音条件敏感，只能作为模型辅助。
S06,谱特征/构音模式,模型辅助,egemaps_logRelF0-H1-A3_sma3nz_stddevNorm,声源谱倾斜/谐波结构；标准差/归一化波动：该声音属性的稳定性或变异程度。,active,0.00045000000000000004,公开视频; 图片描述; 疾病进展语音; 结构化医患对话,TalkBank/DementiaBank,仅模型辅助，不做临床解释,预测可能有用，但医学解释性弱或录音条件敏感，只能作为模型辅助。
S06,谱特征/构音模式,模型辅助,egemaps_logRelF0-H1-H2_sma3nz_amean,声源谱倾斜/谐波结构；均值：该声音属性在整段患者语音中的平均水平。,active,0.00045000000000000004,公开视频; 图片描述; 疾病进展语音; 结构化医患对话,TalkBank/DementiaBank,仅模型辅助，不做临床解释,预测可能有用，但医学解释性弱或录音条件敏感，只能作为模型辅助。
S06,谱特征/构音模式,模型辅助,egemaps_logRelF0-H1-H2_sma3nz_stddevNorm,声源谱倾斜/谐波结构；标准差/归一化波动：该声音属性的稳定性或变异程度。,active,0.00045000000000000004,公开视频; 图片描述; 疾病进展语音; 结构化医患对话,TalkBank/DementiaBank,仅模型辅助，不做临床解释,预测可能有用，但医学解释性弱或录音条件敏感，只能作为模型辅助。
S06,谱特征/构音模式,模型辅助,egemaps_mfcc1-4,eGeMAPS MFCC 1-4,planned,0.0,,TalkBank/DementiaBank,仅模型辅助，不做临床解释,"TalkBank/DementiaBank 当前本地副本主要是 CHAT transcript；未完成音频文件、时间戳和说话人层级绑定前，不能把声学指标设为 active。 | 2026-07-16 expansion: restored from clinical metric dictionary as planned/backlog row. | 2026-07-16 display update: TalkBank/DementiaBank is treated as neuropsychological audio+transcript channel; audio metrics are planned, not absent."
S06,谱特征/构音模式,模型辅助,egemaps_mfcc1V_sma3nz_amean,频谱包络/MFCC；均值：该声音属性在整段患者语音中的平均水平。,active,0.00034,公开视频; 图片描述; 疾病进展语音; 结构化医患对话,TalkBank/DementiaBank,仅模型辅助，不做临床解释,预测可能有用，但医学解释性弱或录音条件敏感，只能作为模型辅助。
S06,谱特征/构音模式,模型辅助,egemaps_mfcc1V_sma3nz_stddevNorm,频谱包络/MFCC；标准差/归一化波动：该声音属性的稳定性或变异程度。,active,0.00034,公开视频; 图片描述; 疾病进展语音; 结构化医患对话,TalkBank/DementiaBank,仅模型辅助，不做临床解释,预测可能有用，但医学解释性弱或录音条件敏感，只能作为模型辅助。
S06,谱特征/构音模式,模型辅助,egemaps_mfcc1_sma3_amean,频谱包络/MFCC；均值：该声音属性在整段患者语音中的平均水平。,active,0.00034,公开视频; 图片描述; 疾病进展语音; 结构化医患对话,TalkBank/DementiaBank,仅模型辅助，不做临床解释,预测可能有用，但医学解释性弱或录音条件敏感，只能作为模型辅助。
S06,谱特征/构音模式,模型辅助,egemaps_mfcc1_sma3_stddevNorm,频谱包络/MFCC；标准差/归一化波动：该声音属性的稳定性或变异程度。,active,0.00034,公开视频; 图片描述; 疾病进展语音; 结构化医患对话,TalkBank/DementiaBank,仅模型辅助，不做临床解释,预测可能有用，但医学解释性弱或录音条件敏感，只能作为模型辅助。
S06,谱特征/构音模式,模型辅助,egemaps_mfcc2V_sma3nz_amean,频谱包络/MFCC；均值：该声音属性在整段患者语音中的平均水平。,active,0.00034,公开视频; 图片描述; 疾病进展语音; 结构化医患对话,TalkBank/DementiaBank,仅模型辅助，不做临床解释,预测可能有用，但医学解释性弱或录音条件敏感，只能作为模型辅助。
S06,谱特征/构音模式,模型辅助,egemaps_mfcc2V_sma3nz_stddevNorm,频谱包络/MFCC；标准差/归一化波动：该声音属性的稳定性或变异程度。,active,0.00034,公开视频; 图片描述; 疾病进展语音; 结构化医患对话,TalkBank/DementiaBank,仅模型辅助，不做临床解释,预测可能有用，但医学解释性弱或录音条件敏感，只能作为模型辅助。
S06,谱特征/构音模式,模型辅助,egemaps_mfcc2_sma3_amean,频谱包络/MFCC；均值：该声音属性在整段患者语音中的平均水平。,active,0.00034,公开视频; 图片描述; 疾病进展语音; 结构化医患对话,TalkBank/DementiaBank,仅模型辅助，不做临床解释,预测可能有用，但医学解释性弱或录音条件敏感，只能作为模型辅助。
S06,谱特征/构音模式,模型辅助,egemaps_mfcc2_sma3_stddevNorm,频谱包络/MFCC；标准差/归一化波动：该声音属性的稳定性或变异程度。,active,0.00034,公开视频; 图片描述; 疾病进展语音; 结构化医患对话,TalkBank/DementiaBank,仅模型辅助，不做临床解释,预测可能有用，但医学解释性弱或录音条件敏感，只能作为模型辅助。
S06,谱特征/构音模式,模型辅助,egemaps_mfcc3V_sma3nz_amean,频谱包络/MFCC；均值：该声音属性在整段患者语音中的平均水平。,active,0.00034,公开视频; 图片描述; 疾病进展语音; 结构化医患对话,TalkBank/DementiaBank,仅模型辅助，不做临床解释,预测可能有用，但医学解释性弱或录音条件敏感，只能作为模型辅助。
S06,谱特征/构音模式,模型辅助,egemaps_mfcc3V_sma3nz_stddevNorm,频谱包络/MFCC；标准差/归一化波动：该声音属性的稳定性或变异程度。,active,0.00034,公开视频; 图片描述; 疾病进展语音; 结构化医患对话,TalkBank/DementiaBank,仅模型辅助，不做临床解释,预测可能有用，但医学解释性弱或录音条件敏感，只能作为模型辅助。
S06,谱特征/构音模式,模型辅助,egemaps_mfcc3_sma3_amean,频谱包络/MFCC；均值：该声音属性在整段患者语音中的平均水平。,active,0.00034,公开视频; 图片描述; 疾病进展语音; 结构化医患对话,TalkBank/DementiaBank,仅模型辅助，不做临床解释,预测可能有用，但医学解释性弱或录音条件敏感，只能作为模型辅助。
S06,谱特征/构音模式,模型辅助,egemaps_mfcc3_sma3_stddevNorm,频谱包络/MFCC；标准差/归一化波动：该声音属性的稳定性或变异程度。,active,0.00034,公开视频; 图片描述; 疾病进展语音; 结构化医患对话,TalkBank/DementiaBank,仅模型辅助，不做临床解释,预测可能有用，但医学解释性弱或录音条件敏感，只能作为模型辅助。
S06,谱特征/构音模式,模型辅助,egemaps_mfcc4V_sma3nz_amean,频谱包络/MFCC；均值：该声音属性在整段患者语音中的平均水平。,active,0.00034,公开视频; 图片描述; 疾病进展语音; 结构化医患对话,TalkBank/DementiaBank,仅模型辅助，不做临床解释,预测可能有用，但医学解释性弱或录音条件敏感，只能作为模型辅助。
S06,谱特征/构音模式,模型辅助,egemaps_mfcc4V_sma3nz_stddevNorm,频谱包络/MFCC；标准差/归一化波动：该声音属性的稳定性或变异程度。,active,0.00034,公开视频; 图片描述; 疾病进展语音; 结构化医患对话,TalkBank/DementiaBank,仅模型辅助，不做临床解释,预测可能有用，但医学解释性弱或录音条件敏感，只能作为模型辅助。
S06,谱特征/构音模式,模型辅助,egemaps_mfcc4_sma3_amean,频谱包络/MFCC；均值：该声音属性在整段患者语音中的平均水平。,active,0.00034,公开视频; 图片描述; 疾病进展语音; 结构化医患对话,TalkBank/DementiaBank,仅模型辅助，不做临床解释,预测可能有用，但医学解释性弱或录音条件敏感，只能作为模型辅助。
S06,谱特征/构音模式,模型辅助,egemaps_mfcc4_sma3_stddevNorm,频谱包络/MFCC；标准差/归一化波动：该声音属性的稳定性或变异程度。,active,0.00034,公开视频; 图片描述; 疾病进展语音; 结构化医患对话,TalkBank/DementiaBank,仅模型辅助，不做临床解释,预测可能有用，但医学解释性弱或录音条件敏感，只能作为模型辅助。
S06,谱特征/构音模式,模型辅助,egemaps_slopeUV0-500_sma3nz_amean,低频谱斜率；均值：该声音属性在整段患者语音中的平均水平。,active,0.00045000000000000004,公开视频; 图片描述; 疾病进展语音; 结构化医患对话,TalkBank/DementiaBank,仅模型辅助，不做临床解释,预测可能有用，但医学解释性弱或录音条件敏感，只能作为模型辅助。
S06,谱特征/构音模式,模型辅助,egemaps_slopeUV500-1500_sma3nz_amean,中频谱斜率；均值：该声音属性在整段患者语音中的平均水平。,active,0.00045000000000000004,公开视频; 图片描述; 疾病进展语音; 结构化医患对话,TalkBank/DementiaBank,仅模型辅助，不做临床解释,预测可能有用，但医学解释性弱或录音条件敏感，只能作为模型辅助。
S06,谱特征/构音模式,模型辅助,egemaps_slopeV0-500_sma3nz_amean,低频谱斜率；均值：该声音属性在整段患者语音中的平均水平。,active,0.00045000000000000004,公开视频; 图片描述; 疾病进展语音; 结构化医患对话,TalkBank/DementiaBank,仅模型辅助，不做临床解释,预测可能有用，但医学解释性弱或录音条件敏感，只能作为模型辅助。
S06,谱特征/构音模式,模型辅助,egemaps_slopeV0-500_sma3nz_stddevNorm,低频谱斜率；标准差/归一化波动：该声音属性的稳定性或变异程度。,active,0.00045000000000000004,公开视频; 图片描述; 疾病进展语音; 结构化医患对话,TalkBank/DementiaBank,仅模型辅助，不做临床解释,预测可能有用，但医学解释性弱或录音条件敏感，只能作为模型辅助。
S06,谱特征/构音模式,模型辅助,egemaps_slopeV500-1500_sma3nz_amean,中频谱斜率；均值：该声音属性在整段患者语音中的平均水平。,active,0.00045000000000000004,公开视频; 图片描述; 疾病进展语音; 结构化医患对话,TalkBank/DementiaBank,仅模型辅助，不做临床解释,预测可能有用，但医学解释性弱或录音条件敏感，只能作为模型辅助。
S06,谱特征/构音模式,模型辅助,egemaps_slopeV500-1500_sma3nz_stddevNorm,中频谱斜率；标准差/归一化波动：该声音属性的稳定性或变异程度。,active,0.00045000000000000004,公开视频; 图片描述; 疾病进展语音; 结构化医患对话,TalkBank/DementiaBank,仅模型辅助，不做临床解释,预测可能有用，但医学解释性弱或录音条件敏感，只能作为模型辅助。
S06,谱特征/构音模式,模型辅助,egemaps_spectralFluxUV_sma3nz_amean,频谱变化速度；均值：该声音属性在整段患者语音中的平均水平。,active,0.00045000000000000004,公开视频; 图片描述; 疾病进展语音; 结构化医患对话,TalkBank/DementiaBank,仅模型辅助，不做临床解释,预测可能有用，但医学解释性弱或录音条件敏感，只能作为模型辅助。
S06,谱特征/构音模式,模型辅助,egemaps_spectralFluxV_sma3nz_amean,频谱变化速度；均值：该声音属性在整段患者语音中的平均水平。,active,0.00045000000000000004,公开视频; 图片描述; 疾病进展语音; 结构化医患对话,TalkBank/DementiaBank,仅模型辅助，不做临床解释,预测可能有用，但医学解释性弱或录音条件敏感，只能作为模型辅助。
S06,谱特征/构音模式,模型辅助,egemaps_spectralFluxV_sma3nz_stddevNorm,频谱变化速度；标准差/归一化波动：该声音属性的稳定性或变异程度。,active,0.00045000000000000004,公开视频; 图片描述; 疾病进展语音; 结构化医患对话,TalkBank/DementiaBank,仅模型辅助，不做临床解释,预测可能有用，但医学解释性弱或录音条件敏感，只能作为模型辅助。
S06,谱特征/构音模式,模型辅助,egemaps_spectralFlux_sma3_amean,频谱变化速度；均值：该声音属性在整段患者语音中的平均水平。,active,0.00045000000000000004,公开视频; 图片描述; 疾病进展语音; 结构化医患对话,TalkBank/DementiaBank,仅模型辅助，不做临床解释,预测可能有用，但医学解释性弱或录音条件敏感，只能作为模型辅助。
S06,谱特征/构音模式,模型辅助,egemaps_spectralFlux_sma3_stddevNorm,频谱变化速度；标准差/归一化波动：该声音属性的稳定性或变异程度。,active,0.00045000000000000004,公开视频; 图片描述; 疾病进展语音; 结构化医患对话,TalkBank/DementiaBank,仅模型辅助，不做临床解释,预测可能有用，但医学解释性弱或录音条件敏感，只能作为模型辅助。
S06,谱特征/构音模式,模型辅助,mfcc1-12_mean_sd,MFCC 1-12 均值/标准差,planned,0.0,,TalkBank/DementiaBank,仅模型辅助，不做临床解释,"TalkBank/DementiaBank 当前本地副本主要是 CHAT transcript；未完成音频文件、时间戳和说话人层级绑定前，不能把声学指标设为 active。 | 2026-07-16 expansion: restored from clinical metric dictionary as planned/backlog row. | 2026-07-16 display update: TalkBank/DementiaBank is treated as neuropsychological audio+transcript channel; audio metrics are planned, not absent."
S06,谱特征/构音模式,模型辅助,mfcc10_mean,第 10 阶 MFCC 的均值,active,0.00034,公开视频; 图片描述; 疾病进展语音; 结构化医患对话,TalkBank/DementiaBank,仅模型辅助，不做临床解释,预测可能有用，但医学解释性弱或录音条件敏感，只能作为模型辅助。
S06,谱特征/构音模式,模型辅助,mfcc10_sd,第 10 阶 MFCC 的标准差,active,0.00034,公开视频; 图片描述; 疾病进展语音; 结构化医患对话,TalkBank/DementiaBank,仅模型辅助，不做临床解释,预测可能有用，但医学解释性弱或录音条件敏感，只能作为模型辅助。
S06,谱特征/构音模式,模型辅助,mfcc11_mean,第 11 阶 MFCC 的均值,active,0.00034,公开视频; 图片描述; 疾病进展语音; 结构化医患对话,TalkBank/DementiaBank,仅模型辅助，不做临床解释,预测可能有用，但医学解释性弱或录音条件敏感，只能作为模型辅助。
S06,谱特征/构音模式,模型辅助,mfcc11_sd,第 11 阶 MFCC 的标准差,active,0.00034,公开视频; 图片描述; 疾病进展语音; 结构化医患对话,TalkBank/DementiaBank,仅模型辅助，不做临床解释,预测可能有用，但医学解释性弱或录音条件敏感，只能作为模型辅助。
S06,谱特征/构音模式,模型辅助,mfcc12_mean,第 12 阶 MFCC 的均值,active,0.00034,公开视频; 图片描述; 疾病进展语音; 结构化医患对话,TalkBank/DementiaBank,仅模型辅助，不做临床解释,预测可能有用，但医学解释性弱或录音条件敏感，只能作为模型辅助。
S06,谱特征/构音模式,模型辅助,mfcc12_sd,第 12 阶 MFCC 的标准差,active,0.00034,公开视频; 图片描述; 疾病进展语音; 结构化医患对话,TalkBank/DementiaBank,仅模型辅助，不做临床解释,预测可能有用，但医学解释性弱或录音条件敏感，只能作为模型辅助。
S06,谱特征/构音模式,模型辅助,mfcc1_mean,第 1 阶 MFCC 的均值,active,0.00034,公开视频; 图片描述; 疾病进展语音; 结构化医患对话,TalkBank/DementiaBank,仅模型辅助，不做临床解释,预测可能有用，但医学解释性弱或录音条件敏感，只能作为模型辅助。
S06,谱特征/构音模式,模型辅助,mfcc1_sd,第 1 阶 MFCC 的标准差,active,0.00034,公开视频; 图片描述; 疾病进展语音; 结构化医患对话,TalkBank/DementiaBank,仅模型辅助，不做临床解释,预测可能有用，但医学解释性弱或录音条件敏感，只能作为模型辅助。
S06,谱特征/构音模式,模型辅助,mfcc2_mean,第 2 阶 MFCC 的均值,active,0.00034,公开视频; 图片描述; 疾病进展语音; 结构化医患对话,TalkBank/DementiaBank,仅模型辅助，不做临床解释,预测可能有用，但医学解释性弱或录音条件敏感，只能作为模型辅助。
S06,谱特征/构音模式,模型辅助,mfcc2_sd,第 2 阶 MFCC 的标准差,active,0.00034,公开视频; 图片描述; 疾病进展语音; 结构化医患对话,TalkBank/DementiaBank,仅模型辅助，不做临床解释,预测可能有用，但医学解释性弱或录音条件敏感，只能作为模型辅助。
S06,谱特征/构音模式,模型辅助,mfcc3_mean,第 3 阶 MFCC 的均值,active,0.00034,公开视频; 图片描述; 疾病进展语音; 结构化医患对话,TalkBank/DementiaBank,仅模型辅助，不做临床解释,预测可能有用，但医学解释性弱或录音条件敏感，只能作为模型辅助。
S06,谱特征/构音模式,模型辅助,mfcc3_sd,第 3 阶 MFCC 的标准差,active,0.00034,公开视频; 图片描述; 疾病进展语音; 结构化医患对话,TalkBank/DementiaBank,仅模型辅助，不做临床解释,预测可能有用，但医学解释性弱或录音条件敏感，只能作为模型辅助。
S06,谱特征/构音模式,模型辅助,mfcc4_mean,第 4 阶 MFCC 的均值,active,0.00034,公开视频; 图片描述; 疾病进展语音; 结构化医患对话,TalkBank/DementiaBank,仅模型辅助，不做临床解释,预测可能有用，但医学解释性弱或录音条件敏感，只能作为模型辅助。
S06,谱特征/构音模式,模型辅助,mfcc4_sd,第 4 阶 MFCC 的标准差,active,0.00034,公开视频; 图片描述; 疾病进展语音; 结构化医患对话,TalkBank/DementiaBank,仅模型辅助，不做临床解释,预测可能有用，但医学解释性弱或录音条件敏感，只能作为模型辅助。
S06,谱特征/构音模式,模型辅助,mfcc5_mean,第 5 阶 MFCC 的均值,active,0.00034,公开视频; 图片描述; 疾病进展语音; 结构化医患对话,TalkBank/DementiaBank,仅模型辅助，不做临床解释,预测可能有用，但医学解释性弱或录音条件敏感，只能作为模型辅助。
S06,谱特征/构音模式,模型辅助,mfcc5_sd,第 5 阶 MFCC 的标准差,active,0.00034,公开视频; 图片描述; 疾病进展语音; 结构化医患对话,TalkBank/DementiaBank,仅模型辅助，不做临床解释,预测可能有用，但医学解释性弱或录音条件敏感，只能作为模型辅助。
S06,谱特征/构音模式,模型辅助,mfcc6_mean,第 6 阶 MFCC 的均值,active,0.00034,公开视频; 图片描述; 疾病进展语音; 结构化医患对话,TalkBank/DementiaBank,仅模型辅助，不做临床解释,预测可能有用，但医学解释性弱或录音条件敏感，只能作为模型辅助。
S06,谱特征/构音模式,模型辅助,mfcc6_sd,第 6 阶 MFCC 的标准差,active,0.00034,公开视频; 图片描述; 疾病进展语音; 结构化医患对话,TalkBank/DementiaBank,仅模型辅助，不做临床解释,预测可能有用，但医学解释性弱或录音条件敏感，只能作为模型辅助。
S06,谱特征/构音模式,模型辅助,mfcc7_mean,第 7 阶 MFCC 的均值,active,0.00034,公开视频; 图片描述; 疾病进展语音; 结构化医患对话,TalkBank/DementiaBank,仅模型辅助，不做临床解释,预测可能有用，但医学解释性弱或录音条件敏感，只能作为模型辅助。
S06,谱特征/构音模式,模型辅助,mfcc7_sd,第 7 阶 MFCC 的标准差,active,0.00034,公开视频; 图片描述; 疾病进展语音; 结构化医患对话,TalkBank/DementiaBank,仅模型辅助，不做临床解释,预测可能有用，但医学解释性弱或录音条件敏感，只能作为模型辅助。
S06,谱特征/构音模式,模型辅助,mfcc8_mean,第 8 阶 MFCC 的均值,active,0.00034,公开视频; 图片描述; 疾病进展语音; 结构化医患对话,TalkBank/DementiaBank,仅模型辅助，不做临床解释,预测可能有用，但医学解释性弱或录音条件敏感，只能作为模型辅助。
S06,谱特征/构音模式,模型辅助,mfcc8_sd,第 8 阶 MFCC 的标准差,active,0.00034,公开视频; 图片描述; 疾病进展语音; 结构化医患对话,TalkBank/DementiaBank,仅模型辅助，不做临床解释,预测可能有用，但医学解释性弱或录音条件敏感，只能作为模型辅助。
S06,谱特征/构音模式,模型辅助,mfcc9_mean,第 9 阶 MFCC 的均值,active,0.00034,公开视频; 图片描述; 疾病进展语音; 结构化医患对话,TalkBank/DementiaBank,仅模型辅助，不做临床解释,预测可能有用，但医学解释性弱或录音条件敏感，只能作为模型辅助。
S06,谱特征/构音模式,模型辅助,mfcc9_sd,第 9 阶 MFCC 的标准差,active,0.00034,公开视频; 图片描述; 疾病进展语音; 结构化医患对话,TalkBank/DementiaBank,仅模型辅助，不做临床解释,预测可能有用，但医学解释性弱或录音条件敏感，只能作为模型辅助。
S07,词汇提取/具体性,文本语言,content_function_ratio,内容词/功能词比,planned,0.0,,TalkBank/DementiaBank,重算前不进报告,该指标有医学或工程价值，但当前抽取器、方向或跨任务稳定性还未完成校验。 | 2026-07-16 expansion: restored from clinical metric dictionary as planned/backlog row.
S07,词汇提取/具体性,文本语言,noun_rate,名词比例,active,0.27,TalkBank/DementiaBank; 公开视频; 图片描述; 结构化医患对话,图片描述; 疾病进展语音,可进入医生报告,该指标与 state 匹配，但没有足够理由相对同组指标明显上调或下调。
S07,词汇提取/具体性,文本语言,pronoun_rate,代词比例,active,0.27,TalkBank/DementiaBank; 公开视频; 图片描述; 结构化医患对话,图片描述; 疾病进展语音,可进入医生报告,该指标与 state 匹配，但没有足够理由相对同组指标明显上调或下调。 | 2026-07 revision: pronoun finding may be reported as phenomenon only; avoid claiming a noun/semantic-deficit mechanism.
S07,词汇提取/具体性,文本语言,vague_term_rate,模糊词比例,planned,0.0,,TalkBank/DementiaBank,重算前不进报告,该指标有医学或工程价值，但当前抽取器、方向或跨任务稳定性还未完成校验。 | 2026-07-16 expansion: restored from clinical metric dictionary as planned/backlog row.
S07,词汇提取/具体性,文本语言,word_frequency,词频/常见词依赖,planned,0.0,,TalkBank/DementiaBank,重算前不进报告,该指标有医学或工程价值，但当前抽取器、方向或跨任务稳定性还未完成校验。 | 2026-07-16 expansion: restored from clinical metric dictionary as planned/backlog row.
S08,词汇多样性,文本语言,MATTR,moving-average TTR,active,0.09130699999999999,TalkBank/DementiaBank; 公开视频; 图片描述; 结构化医患对话,图片描述; 疾病进展语音,可进入医生报告,"该指标更贴近该 state 的临床含义，且相对更稳定/更可解释，所以在同一 state 内提高比例。 | 2026-07 revision: MATTR and MTLD are two measures of one lexical-diversity construct; count as one construct, split weight across measures."
S08,词汇多样性,文本语言,MTLD,measure of textual lexical diversity,active,0.09130699999999999,TalkBank/DementiaBank; 公开视频; 图片描述; 结构化医患对话,图片描述; 疾病进展语音,可进入医生报告,"该指标更贴近该 state 的临床含义，且相对更稳定/更可解释，所以在同一 state 内提高比例。 | 2026-07 revision: MATTR and MTLD are two measures of one lexical-diversity construct; count as one construct, split weight across measures."
S08,词汇多样性,文本语言,TTR,type-token ratio,active,0.05389,TalkBank/DementiaBank; 公开视频; 图片描述; 结构化医患对话,图片描述; 疾病进展语音,可进入医生报告,该指标更受长度、录音条件、切分阈值或重复特征影响，所以在同一 state 内降低比例。
S08,词汇多样性,文本语言,lexical_density,词汇密度,planned,0.0,,TalkBank/DementiaBank,重算前不进报告,该指标有医学或工程价值，但当前抽取器、方向或跨任务稳定性还未完成校验。 | 2026-07-16 expansion: restored from clinical metric dictionary as planned/backlog row.
S08,词汇多样性,文本语言,n_unique_words,不同词数量,planned,0.0,,TalkBank/DementiaBank,重算前不进报告,该指标有医学或工程价值，但当前抽取器、方向或跨任务稳定性还未完成校验。 | 2026-07-16 expansion: restored from clinical metric dictionary as planned/backlog row.
S09,语义连贯/话语组织,语义话语,embedding_coherence,embedding 连贯,planned,0.0,,TalkBank/DementiaBank; 公开视频; 图片描述; 疾病进展语音,重算前不进报告,当前数据条件或验证条件不足，active weight 置 0；保留 planned weight 是为了标记后续可补齐的方向。 | 2026-07 revision: current Jaccard/word-overlap proxy cannot support four separate semantic concepts; recompute with independent vector/task-relevance measures.
S09,语义连贯/话语组织,语义话语,semantic_coherence_tfidf,TF-IDF 语义连贯,planned,0.0,,TalkBank/DementiaBank; 公开视频; 图片描述; 疾病进展语音,重算前不进报告,当前数据条件或验证条件不足，active weight 置 0；保留 planned weight 是为了标记后续可补齐的方向。 | 2026-07 revision: current Jaccard/word-overlap proxy cannot support four separate semantic concepts; recompute with independent vector/task-relevance measures.
S09,语义连贯/话语组织,语义话语,task_relevance,任务相关性,planned,0.0,,TalkBank/DementiaBank; 公开视频; 图片描述; 疾病进展语音,重算前不进报告,当前数据条件或验证条件不足，active weight 置 0；保留 planned weight 是为了标记后续可补齐的方向。 | 2026-07 revision: current Jaccard/word-overlap proxy cannot support four separate semantic concepts; recompute with independent vector/task-relevance measures.
S09,语义连贯/话语组织,语义话语,topic_drift,话题漂移,planned,0.0,,TalkBank/DementiaBank; 公开视频; 图片描述; 疾病进展语音,重算前不进报告,当前数据条件或验证条件不足，active weight 置 0；保留 planned weight 是为了标记后续可补齐的方向。 | 2026-07 revision: current Jaccard/word-overlap proxy cannot support four separate semantic concepts; recompute with independent vector/task-relevance measures.
S10,信息密度/内容单元,内容评分,content_information_units,内容信息单位,planned,0.0,,TalkBank/DementiaBank; 公开视频; 图片描述; 疾病进展语音,排除或进入 backlog,需要任务评分表或人工/半自动 scoring rubric，当前只保留 future 权重。 | 2026-07 revision: future/backlog metric cannot carry active model weight before rubric/extractor exists.
S10,信息密度/内容单元,内容评分,core_lexicon_count,核心词汇覆盖,planned,0.0,,TalkBank/DementiaBank; 公开视频; 图片描述; 疾病进展语音,排除或进入 backlog,需要任务评分表或人工/半自动 scoring rubric，当前只保留 future 权重。 | 2026-07 revision: future/backlog metric cannot carry active model weight before rubric/extractor exists.
S10,信息密度/内容单元,内容评分,idea_density,命题/观点密度,planned,0.0,,TalkBank/DementiaBank; 公开视频; 图片描述; 疾病进展语音,排除或进入 backlog,需要任务评分表或人工/半自动 scoring rubric，当前只保留 future 权重。 | 2026-07 revision: future/backlog metric cannot carry active model weight before rubric/extractor exists.
S10,信息密度/内容单元,内容评分,information_units_per_min,单位时间信息量,planned,0.0,,TalkBank/DementiaBank; 公开视频; 图片描述; 疾病进展语音,排除或进入 backlog,需要任务评分表或人工/半自动 scoring rubric，当前只保留 future 权重。 | 2026-07 revision: future/backlog metric cannot carry active model weight before rubric/extractor exists.
S11,句法复杂度,句法语言,clause_per_utterance,从句/话语比例,active,0.063698,TalkBank/DementiaBank; 图片描述; 结构化医患对话,图片描述,可进入医生报告,该指标与 state 匹配，但没有足够理由相对同组指标明显上调或下调。 | 2026-07 revision: rebalance syntax by empirical AUC order: dependency_length > MLU > clause_per_utterance; all remain task/parser sensitive.
S11,句法复杂度,句法语言,dependency_length,依存距离,active,0.097998,TalkBank/DementiaBank; 图片描述; 结构化医患对话,图片描述,可进入医生报告,该指标与 state 匹配，但没有足够理由相对同组指标明显上调或下调。 | 2026-07 revision: rebalance syntax by empirical AUC order: dependency_length > MLU > clause_per_utterance; all remain task/parser sensitive.
S11,句法复杂度,句法语言,grammar_error_rate,语法错误率,planned,0.0,,TalkBank/DementiaBank,重算前不进报告,该指标有医学或工程价值，但当前抽取器、方向或跨任务稳定性还未完成校验。 | 2026-07-16 expansion: restored from clinical metric dictionary as planned/backlog row.
S11,句法复杂度,句法语言,mean_length_utterance,平均话语长度,active,0.083299,TalkBank/DementiaBank; 图片描述; 结构化医患对话,图片描述,可进入医生报告,该指标与 state 匹配，但没有足够理由相对同组指标明显上调或下调。 | 2026-07 revision: rebalance syntax by empirical AUC order: dependency_length > MLU > clause_per_utterance; all remain task/parser sensitive.
S11,句法复杂度,句法语言,parse_tree_depth,句法树深度,planned,0.0,,TalkBank/DementiaBank,重算前不进报告,该指标有医学或工程价值，但当前抽取器、方向或跨任务稳定性还未完成校验。 | 2026-07-16 expansion: restored from clinical metric dictionary as planned/backlog row.
S12,不流利/重复/修正,话语表现,false_start_count,起始失败次数,planned,0.0,,TalkBank/DementiaBank,重算前不进报告,该指标有医学或工程价值，但当前抽取器、方向或跨任务稳定性还未完成校验。 | 2026-07-16 expansion: restored from clinical metric dictionary as planned/backlog row.
S12,不流利/重复/修正,话语表现,repeat_bigram_rate,重复二元组比例,planned,0.0,,TalkBank/DementiaBank,重算前不进报告,该指标有医学或工程价值，但当前抽取器、方向或跨任务稳定性还未完成校验。 | 2026-07-16 expansion: restored from clinical metric dictionary as planned/backlog row.
S12,不流利/重复/修正,话语表现,repeat_token_rate,重复词比例,active,0.12,TalkBank/DementiaBank; 图片描述,图片描述,可进入医生报告,该指标与 state 匹配，但没有足够理由相对同组指标明显上调或下调。
S12,不流利/重复/修正,话语表现,revision_rate,修正比例,planned,0.0,,TalkBank/DementiaBank,重算前不进报告,该指标有医学或工程价值，但当前抽取器、方向或跨任务稳定性还未完成校验。 | 2026-07-16 expansion: restored from clinical metric dictionary as planned/backlog row.
S13,互动/语用负担,互动任务,clarification_request_count,澄清请求次数,planned,0.0,,TalkBank/DementiaBank,重算前不进报告,该指标有医学或工程价值，但当前抽取器、方向或跨任务稳定性还未完成校验。 | 2026-07-16 expansion: restored from clinical metric dictionary as planned/backlog row.
S13,互动/语用负担,互动任务,interviewer_word_ratio,访谈者词占比,planned,0.0,,TalkBank/DementiaBank,重算前不进报告,该指标有医学或工程价值，但当前抽取器、方向或跨任务稳定性还未完成校验。 | 2026-07-16 expansion: restored from clinical metric dictionary as planned/backlog row.
S13,互动/语用负担,互动任务,patient_speech_ratio,患者说话占比,active,0.07062,TalkBank/DementiaBank; 结构化医患对话,公开视频; 图片描述; 疾病进展语音,可进入医生报告,该指标与 state 匹配，但没有足够理由相对同组指标明显上调或下调。
S13,互动/语用负担,互动任务,prompt_count,提示次数,planned,0.0,,TalkBank/DementiaBank,重算前不进报告,该指标有医学或工程价值，但当前抽取器、方向或跨任务稳定性还未完成校验。 | 2026-07-16 expansion: restored from clinical metric dictionary as planned/backlog row.
S13,互动/语用负担,互动任务,response_latency,回答启动延迟,active,0.04496,TalkBank/DementiaBank; 结构化医患对话,公开视频; 图片描述; 疾病进展语音,可进入医生报告,该指标与 state 匹配，但没有足够理由相对同组指标明显上调或下调。
S14,任务表现/任务得分,任务评分,naming_correct,命名正确数,planned,0.0,,TalkBank/DementiaBank; 结构化医患对话,排除或进入 backlog,需要任务评分表或人工/半自动 scoring rubric，当前只保留 future 权重。 | 2026-07 revision: future/backlog metric cannot carry active model weight before rubric/extractor exists.
S14,任务表现/任务得分,任务评分,reading_error_rate,阅读错误率,planned,0.0,,TalkBank/DementiaBank; 结构化医患对话,排除或进入 backlog,需要任务评分表或人工/半自动 scoring rubric，当前只保留 future 权重。 | 2026-07 revision: future/backlog metric cannot carry active model weight before rubric/extractor exists.
S14,任务表现/任务得分,任务评分,semantic_fluency_count,语义流畅性数量,planned,0.0,,TalkBank/DementiaBank; 结构化医患对话,排除或进入 backlog,需要任务评分表或人工/半自动 scoring rubric，当前只保留 future 权重。 | 2026-07 revision: future/backlog metric cannot carry active model weight before rubric/extractor exists.
S14,任务表现/任务得分,任务评分,story_recall_units,故事回忆单位,planned,0.0,,TalkBank/DementiaBank; 结构化医患对话,排除或进入 backlog,需要任务评分表或人工/半自动 scoring rubric，当前只保留 future 权重。 | 2026-07 revision: future/backlog metric cannot carry active model weight before rubric/extractor exists.
S14,任务表现/任务得分,任务评分,task_completion,任务完成度,planned,0.0,,TalkBank/DementiaBank; 结构化医患对话,排除或进入 backlog,需要任务评分表或人工/半自动 scoring rubric，当前只保留 future 权重。 | 2026-07 revision: future/backlog metric cannot carry active model weight before rubric/extractor exists.
